Transaction Date,Post Date,Description,Category,Type,Amount,Memo
11/13/2023,11/13/2023,Payment Thank You-Mobile,,Payment,103.51,
11/12/2023,11/13/2023,TST* DANIEL O'CONNELL'S I,Food & Drink,Sale,-10.50,
11/12/2023,11/13/2023,PP*APPLE.COM/BILL,Shopping,Sale,-0.99,
11/11/2023,11/12/2023,10038D CAVA ROSSLYN,Food & Drink,Sale,-12.27,
11/12/2023,11/12/2023,VATICAN LTD,Food & Drink,Sale,-150.43,
11/10/2023,11/12/2023,SQ *COMPASS COFFEE,Food & Drink,Sale,-3.79,
11/08/2023,11/10/2023,U-HAUL MOVING &amp; STORAGE O,Automotive,Sale,-97.19,
11/09/2023,11/10/2023,SQ *COMPASS COFFEE,Food & Drink,Sale,-5.45,
11/08/2023,11/09/2023,AMZN Mktp US*7G8FB89W3,Shopping,Sale,-15.36,
11/08/2023,11/09/2023,KFC K071151,Food & Drink,Sale,-5.93,
11/08/2023,11/09/2023,LinkedIn Pre 9071724213,Bills & Utilities,Sale,-18.55,
11/08/2023,11/09/2023,Amazon.com*ZA61E4YA3,Shopping,Sale,-25.42,
11/08/2023,11/09/2023,AMZN Mktp US*Z130X4YI3,Shopping,Sale,-32.80,
11/07/2023,11/08/2023,SQ *COMPASS COFFEE,Food & Drink,Sale,-5.94,
11/06/2023,11/07/2023,THEANCIENTHOME.COM,Home,Sale,-466.00,
11/05/2023,11/06/2023,10071 CAVA ARUNDEL,Food & Drink,Sale,-11.82,
11/05/2023,11/06/2023,DD/BR #352491 Q35,Food & Drink,Sale,-3.24,
11/04/2023,11/06/2023,ROYAL FARMS #149,Gas,Sale,-24.75,
11/04/2023,11/06/2023,ROYAL FARMS #149,Gas,Sale,-1.90,
11/04/2023,11/06/2023,10071 CAVA ARUNDEL,Food & Drink,Sale,-11.82,
11/04/2023,11/06/2023,STARBUCKS STORE 24475,Food & Drink,Sale,-2.92,
11/03/2023,11/05/2023,10071 CAVA ARUNDEL,Food & Drink,Sale,-13.20,
11/03/2023,11/05/2023,CANVA* I03958-61282887,Shopping,Sale,-14.99,
11/04/2023,11/05/2023,MICHAELS STORES 2731,Shopping,Sale,-45.03,
11/03/2023,11/05/2023,DD/BR #351503 Q35,Food & Drink,Sale,-8.03,
11/03/2023,11/03/2023,Amazon web services,Personal,Sale,-0.24,
11/02/2023,11/03/2023,PAYPAL *SPOTIFYUSAI,Bills & Utilities,Sale,-10.99,
11/02/2023,11/03/2023,PAYPAL *WIFIONBOARD,Bills & Utilities,Sale,-8.00,
11/01/2023,11/02/2023,GOOGLE *YouTubePremium,Entertainment,Sale,-14.83,
11/01/2023,11/01/2023,Payment Thank You-Mobile,,Payment,1689.87,
11/01/2023,11/01/2023,MS Retail Store 1092,Shopping,Sale,-65.46,
10/31/2023,11/01/2023,PAYPAL *UBER,Travel,Sale,-3.99,
10/29/2023,10/31/2023,DTW CNBC EXPRESS,Shopping,Sale,-5.79,
10/29/2023,10/30/2023,PAYPAL *UBER,Travel,Sale,-24.60,
10/29/2023,10/30/2023,DTW CORRIDOR 6791121,Food & Drink,Sale,-16.72,
10/27/2023,10/29/2023,SQ *COMPASS COFFEE,Food & Drink,Sale,-4.73,
10/26/2023,10/29/2023,ONE PARKING CWT INC,Travel,Sale,-15.00,
10/26/2023,10/27/2023,USAA INSURANCE PAYMENT,Bills & Utilities,Sale,-176.49,
10/26/2023,10/27/2023,SUNOCO 0348351803,Gas,Sale,-54.37,
10/25/2023,10/26/2023,10038 CAVA ROSSLYN,Food & Drink,Sale,-12.27,
10/24/2023,10/26/2023,ONE PARKING CWT INC,Travel,Sale,-15.00,
10/26/2023,10/26/2023,PARKMOBILE,Travel,Sale,-3.95,
10/24/2023,10/25/2023,TWINS ACE HDWE ARLINGTON,Home,Sale,-44.49,
10/24/2023,10/25/2023,10038 CAVA ROSSLYN,Food & Drink,Sale,-3.47,
10/23/2023,10/24/2023,HAYFIELD ANIMAL HOSPITAL,Personal,Sale,-206.18,
10/23/2023,10/24/2023,PAYPAL *UBER,Travel,Sale,-38.73,
10/22/2023,10/23/2023,LGA BEECHERS 6331170,Food & Drink,Sale,-46.21,
10/22/2023,10/23/2023,AVIS RENT-A-CAR,Travel,Sale,-449.48,
10/20/2023,10/22/2023,THE PHILADELPHIA INQUIRER,Shopping,Sale,-1.00,
10/19/2023,10/20/2023,HUDSON NEWS  ST1304,Shopping,Sale,-31.79,
10/18/2023,10/20/2023,ONE PARKING CWT INC,Travel,Sale,-15.00,
10/18/2023,10/19/2023,SQ *COMPASS COFFEE,Food & Drink,Sale,-5.94,
10/18/2023,10/19/2023,SP GORJANA,Shopping,Sale,-259.70,
10/18/2023,10/19/2023,10038 CAVA ROSSLYN,Food & Drink,Sale,-12.27,
10/18/2023,10/19/2023,CHATGPT SUBSCRIPTION,Shopping,Sale,-21.20,
10/17/2023,10/18/2023,PP*APPLE.COM/BILL,Shopping,Sale,-12.99,
10/18/2023,10/18/2023,GUMRD.COM* BRONZEAGEPE,Shopping,Sale,-5.00,
10/17/2023,10/18/2023,TST* WEST WING CAFE,Food & Drink,Sale,-15.27,
10/17/2023,10/18/2023,TST* 86 West - Doylestown,Food & Drink,Sale,-100.00,
10/16/2023,10/18/2023,TRADER JOE S #647,Groceries,Sale,-21.18,
10/17/2023,10/18/2023,SQ *COMPASS COFFEE,Food & Drink,Sale,-5.45,
10/16/2023,10/17/2023,DUNKIN #355304 Q35,Food & Drink,Sale,-6.35,
10/16/2023,10/16/2023,Payment Thank You - Web,,Payment,2546.73,
10/15/2023,10/16/2023,CHIPOTLE 0535,Food & Drink,Sale,-11.03,
10/15/2023,10/16/2023,EXXON WILKENS ENTERPRISES,Gas,Sale,-48.22,
10/14/2023,10/15/2023,APPLE.COM/BILL,Shopping,Sale,-1.05,
10/14/2023,10/15/2023,10038D CAVA ROSSLYN,Food & Drink,Sale,-12.27,
10/14/2023,10/15/2023,10071 CAVA ARUNDEL,Food & Drink,Sale,-11.82,
10/13/2023,10/15/2023,TRADER JOE S #647,Groceries,Sale,-40.01,
10/13/2023,10/15/2023,SQ *COMPASS COFFEE,Food & Drink,Sale,-5.94,
10/14/2023,10/15/2023,PAYPAL *GITHUB INC,Shopping,Sale,-10.00,
10/12/2023,10/13/2023,PP*APPLE.COM/BILL,Shopping,Sale,-0.99,
10/12/2023,10/13/2023,10038 CAVA ROSSLYN,Food & Drink,Sale,-12.27,
10/11/2023,10/12/2023,COLONIAL PARKING #274,Travel,Sale,-16.00,
10/12/2023,10/12/2023,10038D CAVA ROSSLYN,Food & Drink,Sale,-12.27,
10/11/2023,10/11/2023,10038D CAVA ROSSLYN,Food & Drink,Sale,-12.27,
10/09/2023,10/10/2023,SQ *THE ITALIAN PLACE,Groceries,Sale,-41.05,
10/08/2023,10/09/2023,CL *Chase Travel,Travel,Sale,-192.99,
10/07/2023,10/09/2023,AMERICAN AI 0010636845770,Travel,Sale,-34.96,
10/08/2023,10/09/2023,MENS WEARHOUSE #3348,Shopping,Sale,-230.03,
10/07/2023,10/09/2023,AMERICAN AI 0010636845869,Travel,Sale,-31.79,
10/08/2023,10/09/2023,CL *Chase Travel,Travel,Sale,-188.91,
10/07/2023,10/08/2023,LinkedIn Pre 9492772144,Bills & Utilities,Sale,-18.55,
10/07/2023,10/08/2023,DNH*GODADDY.COM,Bills & Utilities,Sale,-22.16,
10/04/2023,10/05/2023,AMERICAN AIR0010636661685,Travel,Sale,-29.94,
10/04/2023,10/05/2023,PAYPAL *UBER,Travel,Sale,-9.99,
10/04/2023,10/05/2023,AMERICAN AIR0012484316828,Travel,Sale,-267.81,
10/04/2023,10/05/2023,AMERICAN AIR0010636651554,Travel,Sale,-20.59,
10/04/2023,10/05/2023,AMERICAN AIR0012484316829,Travel,Sale,-267.81,
10/04/2023,10/05/2023,AMERICAN AIR0010636651555,Travel,Sale,-20.59,
10/04/2023,10/05/2023,AMERICAN AIR0012484369703,Travel,Sale,-167.80,
10/04/2023,10/05/2023,AMERICAN AIR0012484369702,Travel,Sale,-167.80,
10/04/2023,10/05/2023,AMERICAN AIR0010636661686,Travel,Sale,-29.94,
10/03/2023,10/04/2023,PTC EZ PASS AUTO RE.,Travel,Sale,-35.00,
10/03/2023,10/04/2023,PUBLIX #746,Groceries,Sale,-26.76,
10/02/2023,10/04/2023,SOMA INTIMATES #5008,Shopping,Sale,-178.69,
10/02/2023,10/04/2023,THE MET SARASOTA 2,Shopping,Sale,-176.55,
10/02/2023,10/03/2023,PARK MOBILE ST ARMANDS,Travel,Sale,-1.90,
10/02/2023,10/03/2023,BREEZIN UP,Shopping,Sale,-95.23,
10/02/2023,10/03/2023,COLUMBIA SARASOTA 102,Food & Drink,Sale,-113.09,
10/03/2023,10/03/2023,Amazon web services,Personal,Sale,-0.24,
10/02/2023,10/03/2023,PAYPAL *SPOTIFYUSAI,Bills & Utilities,Sale,-10.99,
10/01/2023,10/02/2023,Audible*T923U9S92,Bills & Utilities,Sale,-15.85,
10/01/2023,10/02/2023,GOOGLE *YouTubePremium,Entertainment,Sale,-14.83,
09/30/2023,10/01/2023,Payment Thank You - Web,,Payment,3024.92,
09/28/2023,09/29/2023,SQ *COMPASS COFFEE,Food & Drink,Sale,-5.45,
09/27/2023,09/29/2023,10006 CAVA CHINATOWN,Food & Drink,Sale,-12.27,
09/26/2023,09/29/2023,Returned Payment,,Reversal,-2525.83,
09/28/2023,09/29/2023,10038 CAVA ROSSLYN,Food & Drink,Sale,-12.27,
09/27/2023,09/29/2023,VCA ANIMAL HOSP #188,Personal,Sale,-25.16,
09/26/2023,09/28/2023,DELI ZIQUE,Food & Drink,Sale,-10.95,
09/27/2023,09/28/2023,SNOW.COM/VAIL RESORTS SKI,Entertainment,Sale,-168.00,
09/26/2023,09/27/2023,TST* WEST WING CAFE,Food & Drink,Sale,-12.09,
09/26/2023,09/27/2023,GREEN HILLS NOVA,Groceries,Sale,-64.15,
09/26/2023,09/27/2023,USAA INSURANCE PAYMENT,Bills & Utilities,Sale,-176.48,
09/26/2023,09/26/2023,Payment Thank You - Web,,Payment,2525.83,
09/24/2023,09/26/2023,10006 CAVA CHINATOWN,Food & Drink,Sale,-12.27,
09/25/2023,09/25/2023,FIRESHIP,Education,Sale,-29.00,
09/24/2023,09/25/2023,EXXON MAHESH M TANNA,Gas,Sale,-54.51,
09/24/2023,09/24/2023,PARKMOBILE,Travel,Sale,-6.45,
09/23/2023,09/24/2023,TST* The Shop at Dovetail,Food & Drink,Sale,-100.00,
09/23/2023,09/24/2023,WF4ARLINGTON*SERVICE FEE,Bills & Utilities,Sale,-3.99,
09/22/2023,09/24/2023,TST* Trattoria Carina,Food & Drink,Sale,-100.00,
09/21/2023,09/24/2023,DELI ZIQUE,Food & Drink,Sale,-10.95,
09/23/2023,09/24/2023,MISHA'S COFFEE,Food & Drink,Sale,-5.00,
09/23/2023,09/24/2023,ARL COUNTY TREASURER,Bills & Utilities,Sale,-169.68,
09/21/2023,09/22/2023,SQ *POUR LIQUOR &amp; MORE LL,Groceries,Sale,-7.71,
09/21/2023,09/22/2023,DNH*GODADDY.COM,Bills & Utilities,Sale,-13.16,
09/21/2023,09/22/2023,SQ *LA COLOMBE - CHINATOW,Food & Drink,Sale,-5.23,
09/21/2023,09/22/2023,SQ *POUR LIQUOR &amp; MORE LL,Groceries,Sale,-104.50,
09/20/2023,09/21/2023,TST* WEST WING CAFE,Food & Drink,Sale,-12.09,
09/19/2023,09/21/2023,STARBUCKS STORE 10725,Food & Drink,Sale,-3.25,
09/19/2023,09/20/2023,GREEN HILLS NOVA,Groceries,Sale,-78.95,
09/20/2023,09/20/2023,PARKMOBILE,Travel,Sale,-6.45,
09/19/2023,09/20/2023,MISHA'S COFFEE,Food & Drink,Sale,-3.89,
09/19/2023,09/20/2023,LOGAN HARDWARE,Home,Sale,-14.84,
09/19/2023,09/20/2023,SQ *THE CHEWISH DELI - KI,Food & Drink,Sale,-9.43,
09/19/2023,09/20/2023,LOGAN HARDWARE,Home,Sale,-47.46,
09/19/2023,09/20/2023,PTC EZ PASS AUTO RE.,Travel,Sale,-35.00,
09/18/2023,09/19/2023,CHATGPT SUBSCRIPTION,Shopping,Sale,-21.20,
09/18/2023,09/19/2023,TST* GRAPE AND BEAN,Food & Drink,Sale,-2.91,
09/18/2023,09/19/2023,WHOLEFDS OTN 10185,Groceries,Sale,-85.27,
09/17/2023,09/19/2023,SUNOCO 0011679809,Gas,Sale,-53.95,
09/18/2023,09/18/2023,Payment Thank You - Web,,Payment,1800.00,
09/16/2023,09/18/2023,ACME 2649,Groceries,Sale,-23.74,
09/16/2023,09/18/2023,TST* The Point - Somers P,Food & Drink,Sale,-17.42,
09/17/2023,09/18/2023,06171-100 INDEPENDENCE,Travel,Sale,-31.00,
09/17/2023,09/18/2023,AG TRAVEL PLAZA 1000101,Groceries,Sale,-22.87,
09/16/2023,09/17/2023,PTC EZ PASS AUTO RE.,Travel,Sale,-35.00,
09/16/2023,09/17/2023,SQ *POSITIVELY 4TH STREET,Food & Drink,Sale,-5.00,
09/15/2023,09/17/2023,MDC WENDYS,Food & Drink,Sale,-10.17,
09/15/2023,09/17/2023,PP*APPLE.COM/BILL,Shopping,Sale,-12.99,
09/14/2023,09/15/2023,APPLE.COM/BILL,Shopping,Sale,-1.05,
09/14/2023,09/15/2023,SQ *COMPASS COFFEE,Food & Drink,Sale,-5.94,
09/13/2023,09/14/2023,PAYPAL *GITHUB INC,Shopping,Sale,-10.00,
09/13/2023,09/14/2023,PAYPAL *BIRD           RI,Entertainment,Sale,-8.33,
09/13/2023,09/14/2023,TST* GRAPE AND BEAN,Food & Drink,Sale,-13.32,
09/13/2023,09/14/2023,TST* GRAPE AND BEAN,Food & Drink,Sale,-2.12,
09/12/2023,09/14/2023,TST* Fontaine Caffe,Food & Drink,Sale,-77.97,
09/13/2023,09/14/2023,PAYPAL *BIRD TEMP HOLD,Entertainment,Sale,-5.00,
09/13/2023,09/14/2023,PAYPAL *BIRD           RI,Entertainment,Sale,-6.67,
09/12/2023,09/13/2023,SP BABYLIST,Health & Wellness,Sale,-50.00,
09/12/2023,09/13/2023,PP*APPLE.COM/BILL,Shopping,Sale,-0.99,
09/12/2023,09/13/2023,TST* WEST WING CAFE,Food & Drink,Sale,-6.60,
09/12/2023,09/13/2023,TST* WEST WING CAFE,Food & Drink,Sale,-3.18,
09/12/2023,09/13/2023,MISHA'S COFFEE,Food & Drink,Sale,-5.00,
09/12/2023,09/13/2023,SITTERS AT THE SHORE LLC,Personal,Sale,-25.00,
09/11/2023,09/12/2023,SQ *LA COLOMBE - CHINATOW,Food & Drink,Sale,-4.67,
09/10/2023,09/11/2023,EXXON L &amp; A SERVICES INC.,Gas,Sale,-51.93,
09/08/2023,09/10/2023,MISHA'S COFFEE,Food & Drink,Sale,-6.66,
09/08/2023,09/10/2023,MISHA'S COFFEE,Food & Drink,Sale,-4.56,
09/09/2023,09/10/2023,JIMMY JOHNS - 2868,Food & Drink,Sale,-17.90,
09/08/2023,09/10/2023,PAYPAL *BIRD           RI,Entertainment,Sale,-8.33,
09/08/2023,09/10/2023,PAYPAL *BIRD TEMP HOLD,Entertainment,Sale,-5.00,
09/08/2023,09/10/2023,PAYPAL *BIRD           RI,Entertainment,Sale,-6.67,
09/08/2023,09/10/2023,SQ *CAFE DU SOLEIL,Food & Drink,Sale,-37.67,
09/07/2023,09/08/2023,AMERICAN AIR0012477403582,Travel,Sale,-779.80,
09/07/2023,09/08/2023,AMERICAN AIR0012477403581,Travel,Sale,-779.80,
09/07/2023,09/08/2023,LinkedIn Pre 8671020186,Bills & Utilities,Sale,-18.55,
09/07/2023,09/08/2023,Payment Thank You - Web,,Payment,35.00,
09/07/2023,09/08/2023,TST* GRAPE AND BEAN,Food & Drink,Sale,-4.72,
09/07/2023,09/08/2023,TST* GRAPE AND BEAN,Food & Drink,Sale,-2.91,
09/06/2023,09/07/2023,MISHA'S COFFEE,Food & Drink,Sale,-4.56,
09/06/2023,09/06/2023,REDEMPTION CREDIT,Fees & Adjustments,Adjustment,29.16,
09/06/2023,09/06/2023,REDEMPTION CREDIT,Fees & Adjustments,Adjustment,29.16,
09/05/2023,09/06/2023,WHOLEFDS OTN 10185,Groceries,Sale,-97.06,
09/05/2023,09/06/2023,GREEN HILLS NOVA,Groceries,Sale,-21.50,
09/05/2023,09/06/2023,TST* GRAPE AND BEAN,Food & Drink,Sale,-5.27,
09/04/2023,09/06/2023,7-ELEVEN 37029,Gas,Sale,-6.91,
09/04/2023,09/05/2023,CHIPOTLE 0245,Food & Drink,Sale,-12.15,
09/02/2023,09/04/2023,COLPARK LOC 183,Travel,Sale,-20.95,
09/02/2023,09/03/2023,PAYPAL *SPOTIFYUSAI,Bills & Utilities,Sale,-10.99,
09/02/2023,09/03/2023,Amazon web services,Personal,Sale,-0.24,
09/02/2023,09/03/2023,MISHA'S COFFEE,Food & Drink,Sale,-13.44,
09/02/2023,09/03/2023,MISHA'S COFFEE,Food & Drink,Sale,-4.56,
09/01/2023,09/03/2023,7-ELEVEN 27004,Gas,Sale,-54.84,
09/01/2023,09/03/2023,TST* Bronson Bier Hall,Food & Drink,Sale,-85.20,
09/01/2023,09/03/2023,TST* Ruthies All Day,Food & Drink,Sale,-24.32,
09/01/2023,09/03/2023,TST* GRAPE AND BEAN,Food & Drink,Sale,-2.91,
09/01/2023,09/03/2023,Audible*T31J25931,Bills & Utilities,Sale,-15.85,
08/31/2023,09/03/2023,5GUYS 0387 QSR,Food & Drink,Sale,-22.80,
09/01/2023,09/03/2023,GOOGLE *YouTubePremium,Entertainment,Sale,-14.83,
08/31/2023,09/03/2023,PY *BOARDWALK COFFEE 1066,Shopping,Sale,-24.86,
09/01/2023,09/03/2023,ASG LOT 151 4040 N FAIRFA,Travel,Sale,-11.00,
09/01/2023,09/01/2023,ANNUAL MEMBERSHIP FEE,Fees & Adjustments,Fee,-450.00,
09/01/2023,09/01/2023,Payment Thank You - Web,,Payment,2000.00,
08/31/2023,09/01/2023,SITTERS AT THE SHORE LLC,Personal,Sale,-50.00,
08/30/2023,09/01/2023,MANCO &amp; MANCO PIZZA,Food & Drink,Sale,-32.54,
08/31/2023,09/01/2023,EXXON CENTRE RD DASH IN -,Gas,Sale,-49.92,
08/29/2023,08/31/2023,DEAUXVILLE INN,Food & Drink,Sale,-403.11,
08/29/2023,08/31/2023,CURLY`S FRIES,Food & Drink,Sale,-11.05,
08/30/2023,08/31/2023,16TH STREET SEAFOOD,Groceries,Sale,-131.15,
08/29/2023,08/30/2023,SITTERS AT THE SHORE LLC,Personal,Sale,-50.00,
08/29/2023,08/30/2023,SQ *JOHNNY B GOODE ICE CR,Food & Drink,Sale,-7.76,
08/29/2023,08/30/2023,SQ *JOHNNY B GOODE ICE CR,Food & Drink,Sale,-5.85,
08/29/2023,08/30/2023,SCB SUBSTACK,Entertainment,Sale,-7.00,
08/29/2023,08/30/2023,SQ *MONKEY BREAD - BOARDW,Groceries,Sale,-16.50,
08/28/2023,08/29/2023,WAWA 459,Gas,Sale,-23.39,
08/26/2023,08/28/2023,COLPARK LOC 183,Travel,Sale,-20.95,
08/27/2023,08/28/2023,MISHA'S COFFEE,Food & Drink,Sale,-10.88,
08/28/2023,08/28/2023,PARKMOBILE,Travel,Sale,-6.45,
08/26/2023,08/28/2023,TST* Josephine,Food & Drink,Sale,-93.62,
08/27/2023,08/28/2023,WHOLEFDS OTN 10185,Groceries,Sale,-34.46,
08/26/2023,08/27/2023,SQ *DOLCI GELATI ALEXANDR,Groceries,Sale,-14.31,
08/26/2023,08/27/2023,TST* GRAPE AND BEAN,Food & Drink,Sale,-2.91,
08/26/2023,08/27/2023,10006D CAVA CHINATOWN,Food & Drink,Sale,-12.27,
08/25/2023,08/27/2023,GREEN HILLS NOVA,Groceries,Sale,-21.00,
08/26/2023,08/27/2023,TST* GRAPE AND BEAN,Food & Drink,Sale,-4.44,
08/24/2023,08/27/2023,LA MADELEINE #022,Food & Drink,Sale,-3.65,
08/24/2023,08/25/2023,SUNOCO 0348351803,Gas,Sale,-57.88,
08/25/2023,08/25/2023,PARKMOBILE,Travel,Sale,-6.45,
08/24/2023,08/25/2023,PAYPAL *APPLE INC,Shopping,Sale,-161.12,
08/25/2023,08/25/2023,FIRESHIP,Education,Sale,-29.00,
08/25/2023,08/25/2023,PARKMOBILE,Travel,Sale,-3.95,
08/24/2023,08/25/2023,CHIPOTLE 0245,Food & Drink,Sale,-13.26,
08/24/2023,08/25/2023,MISHA'S COFFEE,Food & Drink,Sale,-5.60,
08/23/2023,08/24/2023,TST* GRAPE AND BEAN,Food & Drink,Sale,-4.99,
08/23/2023,08/24/2023,PAYPAL *NCSPEARSONI,Education,Sale,-99.00,
08/23/2023,08/24/2023,LA MADELEINE #022,Food & Drink,Sale,-5.21,
08/22/2023,08/23/2023,CHIPOTLE 0245,Food & Drink,Sale,-15.21,
08/23/2023,08/23/2023,PARKMOBILE,Travel,Sale,-3.95,
08/22/2023,08/23/2023,SQ *SOUTH BLOCK - OLD TOW,Food & Drink,Sale,-14.38,
08/21/2023,08/23/2023,KILWINS,Food & Drink,Sale,-11.65,
08/23/2023,08/23/2023,PARKMOBILE,Travel,Sale,-0.48,
08/21/2023,08/22/2023,TST* GRAPE AND BEAN,Food & Drink,Sale,-5.50,
08/18/2023,08/20/2023,CHATGPT SUBSCRIPTION,Shopping,Sale,-21.20,
08/18/2023,08/20/2023,WHOLEFDS OTN 10185,Groceries,Sale,-75.58,
08/18/2023,08/20/2023,OLD TOWN ACE HARDWARE,Home,Sale,-26.24,
08/16/2023,08/18/2023,LAZ PARKING 570111-FLASH,Travel,Sale,-24.00,
08/17/2023,08/18/2023,TST* WEST WING CAFE,Food & Drink,Sale,-12.09,
08/17/2023,08/17/2023,PARKMOBILE,Travel,Sale,-3.03,
08/17/2023,08/17/2023,PARKMOBILE,Travel,Sale,-3.10,
08/16/2023,08/17/2023,PAYPAL *BIRD           RI,Entertainment,Sale,-15.00,
08/15/2023,08/17/2023,STARBUCKS STORE 07904,Food & Drink,Sale,-5.16,
08/16/2023,08/17/2023,PTC EZ PASS AUTO RE.,Travel,Sale,-35.00,
08/16/2023,08/16/2023,Payment Thank You - Web,,Payment,941.28,
08/15/2023,08/16/2023,PAYPAL *BIRD TEMP HOLD,Entertainment,Sale,-5.00,
08/16/2023,08/16/2023,PARKMOBILE,Travel,Sale,-3.95,
08/15/2023,08/16/2023,CL *Chase Travel,Travel,Sale,-337.80,
08/15/2023,08/16/2023,CHIPOTLE 0245,Food & Drink,Sale,-16.28,
08/15/2023,08/16/2023,USAA INSURANCE PAYMENT,Bills & Utilities,Sale,-287.07,
08/15/2023,08/16/2023,OLD TOWN ACE HARDWARE,Home,Sale,-94.37,
08/15/2023,08/16/2023,MISHA'S COFFEE,Food & Drink,Sale,-5.80,
08/15/2023,08/15/2023,Payment Thank You - Web,,Payment,673.14,
08/14/2023,08/15/2023,APPLE.COM/BILL,Shopping,Sale,-1.05,
08/14/2023,08/15/2023,TST* GRAPE AND BEAN,Food & Drink,Sale,-2.91,
08/13/2023,08/15/2023,POPEYES 1000117,Food & Drink,Sale,-28.47,
08/13/2023,08/14/2023,PAYPAL *GITHUB INC,Shopping,Sale,-10.00,
08/11/2023,08/14/2023,THE BAGEL BARREL,Food & Drink,Sale,-7.80,
08/11/2023,08/13/2023,STARBUCKS STORE 00782,Food & Drink,Sale,-4.19,
08/10/2023,08/13/2023,STARBUCKS STORE 00782,Food & Drink,Sale,-5.25,
08/10/2023,08/13/2023,THE BAGEL BARREL,Food & Drink,Sale,-7.80,
08/10/2023,08/13/2023,STARBUCKS STORE 00782,Food & Drink,Sale,-4.19,
08/11/2023,08/13/2023,PAYPAL *PARKMOBILE,Travel,Sale,-2.60,
08/11/2023,08/13/2023,STARBUCKS STORE 00782,Food & Drink,Sale,-5.25,
08/10/2023,08/13/2023,TST* Nats Pizza Inc,Food & Drink,Sale,-3.50,
08/10/2023,08/11/2023,PAYPAL *PARKMOBILE,Travel,Sale,-4.85,
08/10/2023,08/11/2023,PAYPAL *PARKMOBILE,Travel,Sale,-4.85,
08/10/2023,08/11/2023,NONE SUCH FARMS INC,Groceries,Sale,-6.47,
08/10/2023,08/10/2023,Etsy.com - CustomFashionT,Shopping,Sale,-34.53,
08/09/2023,08/10/2023,SQ *NATIVE CAFE,Food & Drink,Sale,-3.18,
08/09/2023,08/10/2023,PAYPAL *PARKMOBILE,Travel,Sale,-4.85,
08/07/2023,08/08/2023,TST* GRAPE AND BEAN,Food & Drink,Sale,-7.90,
08/07/2023,08/07/2023,VUE*PEARSON VUE STORE,Education,Sale,-99.00,
08/05/2023,08/07/2023,VOIDGLITTERING,Shopping,Return,1.00,
08/06/2023,08/07/2023,EMBASSY SUITES ALXNDR,Travel,Sale,-568.21,
08/05/2023,08/07/2023,TST* The Hideaway - Odent,Food & Drink,Sale,-39.43,
07/30/2023,08/06/2023,VOIDGLITTERING,Shopping,Sale,-1.00,
08/05/2023,08/06/2023,The Black Tux,Shopping,Sale,-60.00,
08/04/2023,08/04/2023,Payment Thank You - Web,,Payment,35.00,
08/02/2023,08/04/2023,LAZ PARKING 570111-FLASH,Travel,Sale,-24.00,
08/02/2023,08/03/2023,Amazon web services,Personal,Sale,-0.24,
08/02/2023,08/03/2023,PAYPAL *SPOTIFYUSAI,Bills & Utilities,Sale,-9.99,
08/01/2023,08/02/2023,Audible*TH2OU5X21,Bills & Utilities,Sale,-15.85,
08/01/2023,08/02/2023,LAZ PARKING ECOMMERCE,Travel,Sale,-24.73,
08/01/2023,08/02/2023,GOOGLE *YouTubePremium,Entertainment,Sale,-12.71,
07/31/2023,07/31/2023,Payment Thank You - Web,,Payment,587.45,
07/30/2023,07/31/2023,THE NONANTUM RESORT,Travel,Sale,-15.00,
07/30/2023,07/31/2023,THE NONANTUM RESORT,Travel,Sale,-630.62,
07/27/2023,07/30/2023,H B PROVISIONS,Groceries,Sale,-62.49,
07/27/2023,07/30/2023,MCK - COLONIAL PHARMACY -,Health & Wellness,Sale,-25.06,
07/28/2023,07/30/2023,CKE*THE CLAM SHACK KENNEB,Food & Drink,Sale,-23.66,
07/27/2023,07/30/2023,H B PROVISIONS,Groceries,Sale,-7.39,
07/28/2023,07/30/2023,PTC EZ PASS AUTO RE.,Travel,Sale,-35.00,
07/27/2023,07/30/2023,FEDERAL JACKS RESTAURANT,Food & Drink,Sale,-48.50,
07/27/2023,07/28/2023,PAYPAL *WILLMSONOMA,Shopping,Sale,-41.32,
07/27/2023,07/28/2023,SQ *SCHOONER ELEANOR LLC,Entertainment,Sale,-26.38,
07/26/2023,07/28/2023,GREAT AMERICAN BAG PWM,Food & Drink,Sale,-5.82,
07/26/2023,07/28/2023,GREAT AMERICAN BAG PWM,Food & Drink,Sale,-7.55,
07/26/2023,07/27/2023,TST* TATTE BAKERY - CITY,Food & Drink,Sale,-20.46,
07/26/2023,07/27/2023,PAYPAL *WEST ELM,Shopping,Sale,-189.13,
07/25/2023,07/26/2023,EXXON AAR ENTERPRISES INC,Gas,Sale,-49.53,
07/25/2023,07/25/2023,STRATECHERY/DITHERING,Professional Services,Sale,-12.00,
07/25/2023,07/25/2023,FIRESHIP,Education,Sale,-29.00,
07/20/2023,07/23/2023,STARBUCKS STORE 00701,Food & Drink,Sale,-4.16,
07/22/2023,07/23/2023,Payment Thank You - Web,,Payment,267.98,
07/19/2023,07/20/2023,TST* Mediterraneo,Food & Drink,Sale,-150.00,
07/18/2023,07/19/2023,TST* DISTRICT TACO - ALEX,Food & Drink,Sale,-13.86,
07/18/2023,07/19/2023,TST* GRAPE AND BEAN,Food & Drink,Sale,-81.87,
07/18/2023,07/19/2023,CHATGPT SUBSCRIPTION,Shopping,Sale,-21.20,
07/16/2023,07/16/2023,Payment Thank You - Web,,Payment,379.72,
07/14/2023,07/16/2023,APPLE.COM/BILL,Shopping,Sale,-1.05,
07/13/2023,07/14/2023,ARAMARK VA HOSP CENTER,Food & Drink,Sale,-21.49,
07/13/2023,07/14/2023,VHC ARLINGTON HEALTH SYST,Travel,Sale,-7.00,
07/13/2023,07/14/2023,PAYPAL *GITHUB INC,Shopping,Sale,-10.00,
07/11/2023,07/13/2023,UNITED      0164221910746,Travel,Sale,-45.00,
07/10/2023,07/12/2023,STARBUCKS STORE 07904,Food & Drink,Sale,-4.16,
07/11/2023,07/11/2023,PARKMOBILE,Travel,Sale,-3.95,
07/10/2023,07/11/2023,VHC ARLINGTON HEALTH SYST,Travel,Sale,-7.00,
07/11/2023,07/11/2023,PARKMOBILE,Travel,Sale,-0.89,
07/10/2023,07/11/2023,CHIPOTLE 0245,Food & Drink,Sale,-10.21,
07/09/2023,07/10/2023,PARKMOBILE,Travel,Sale,-1.91,
07/09/2023,07/09/2023,PARKMOBILE,Travel,Sale,-3.87,
07/08/2023,07/09/2023,TST* Sonoma Cellar,Food & Drink,Sale,-264.24,
07/07/2023,07/07/2023,Payment Thank You - Web,,Payment,585.69,
07/05/2023,07/05/2023,SPOTHERO 844-356-8054,Travel,Sale,-13.72,
07/04/2023,07/05/2023,SQ *THE ITALIAN PLACE,Groceries,Sale,-29.16,
07/04/2023,07/04/2023,Payment Thank You - Web,,Payment,35.00,
07/03/2023,07/04/2023,YATES CAR WASH &amp; DETAIL C,Automotive,Sale,-30.00,
07/02/2023,07/03/2023,Amazon web services,Personal,Sale,-0.24,
07/02/2023,07/03/2023,PAYPAL *SPOTIFYUSAI,Bills & Utilities,Sale,-9.99,
06/30/2023,07/03/2023,BLACKWALL HITCH ALEXAN,Food & Drink,Sale,-150.89,
07/01/2023,07/02/2023,Audible*EQ7LV1V63,Bills & Utilities,Sale,-15.85,
06/30/2023,07/02/2023,TST* WEST WING CAFE,Food & Drink,Sale,-16.04,
07/01/2023,07/02/2023,GOOGLE *YouTubePremium,Bills & Utilities,Sale,-12.71,
07/01/2023,07/02/2023,TST* JOSEPHINE,Food & Drink,Sale,-92.14,
06/27/2023,06/28/2023,TST* WEST WING CAFE,Food & Drink,Sale,-9.79,
06/26/2023,06/28/2023,10006 CAVA CHINATOWN,Food & Drink,Sale,-12.27,
06/27/2023,06/28/2023,TST* WEST WING CAFE,Food & Drink,Sale,-14.94,
06/27/2023,06/28/2023,TST* WEST WING CAFE,Food & Drink,Sale,-9.24,
06/23/2023,06/25/2023,TST* JOSEPHINE,Food & Drink,Sale,-203.71,
06/23/2023,06/23/2023,Payment Thank You - Web,,Payment,560.89,
06/19/2023,06/20/2023,TST* Pearls Bagels,Food & Drink,Sale,-11.00,
06/18/2023,06/19/2023,CHATGPT SUBSCRIPTION,Shopping,Sale,-21.20,
06/18/2023,06/19/2023,TST* DANIEL O'CONNELL'S I,Food & Drink,Sale,-112.21,
06/17/2023,06/19/2023,KILWINS,Food & Drink,Sale,-16.94,
06/18/2023,06/19/2023,Jacks Place,Food & Drink,Sale,-59.60,
06/19/2023,06/19/2023,PAYPAL *ANCESTRYDNA,Bills & Utilities,Sale,-10.00,
06/15/2023,06/18/2023,METRO 047-BRADDOCK ROAD,Travel,Sale,-34.00,
06/17/2023,06/18/2023,CHIPOTLE 0245,Food & Drink,Sale,-15.17,
06/17/2023,06/18/2023,MISHA'S COFFEE,Food & Drink,Sale,-5.00,
06/16/2023,06/18/2023,TST* WEST WING CAFE,Food & Drink,Sale,-12.09,
06/15/2023,06/16/2023,SQ *COMPASS COFFEE,Food & Drink,Sale,-3.79,
06/15/2023,06/16/2023,TST* WEST WING CAFE,Food & Drink,Sale,-12.09,
06/14/2023,06/15/2023,APPLE.COM/BILL,Shopping,Sale,-1.05,
06/13/2023,06/14/2023,PAYPAL *GITHUB INC,Shopping,Sale,-10.00,
06/10/2023,06/12/2023,IL PORTO RISTORANTE,Food & Drink,Sale,-207.43,
06/09/2023,06/11/2023,TST* WEST WING CAFE,Food & Drink,Sale,-14.94,
06/09/2023,06/11/2023,SQ *THE ITALIAN PLACE,Groceries,Sale,-29.16,
06/09/2023,06/11/2023,PAYPAL *MANGOLINEIN,Shopping,Return,74.19,
06/07/2023,06/08/2023,TST* WEST WING CAFE,Food & Drink,Sale,-12.09,
06/07/2023,06/08/2023,TST* WEST WING CAFE,Food & Drink,Sale,-6.60,
06/06/2023,06/07/2023,TST* WEST WING CAFE,Food & Drink,Sale,-4.21,
06/05/2023,06/07/2023,LAZ PARKING 570111-FLASH,Travel,Sale,-24.00,
06/06/2023,06/06/2023,10006D CAVA CHINATOWN,Food & Drink,Sale,-12.27,
06/05/2023,06/05/2023,Payment Thank You - Web,,Payment,133.58,
06/02/2023,06/04/2023,Amazon web services,Personal,Sale,-0.24,
06/01/2023,06/02/2023,Audible*JD4PW3GO3,Bills & Utilities,Sale,-15.85,
06/02/2023,06/02/2023,PAYPAL *SPOTIFYUSAI,Bills & Utilities,Sale,-9.99,
06/01/2023,06/02/2023,DSW.,Shopping,Sale,-90.09,
06/01/2023,06/02/2023,GOOGLE *YouTubePremium,Entertainment,Sale,-12.71,
06/01/2023,06/01/2023,Payment Thank You - Web,,Payment,1049.85,
05/30/2023,06/01/2023,STARBUCKS STORE 00701,Food & Drink,Sale,-4.94,
05/30/2023,05/31/2023,The Black Tux,Shopping,Sale,-382.66,
05/28/2023,05/29/2023,SQ *DOLCI GELATI ALEXANDR,Groceries,Sale,-13.78,
05/28/2023,05/29/2023,SQ *THE CHEWISH DELI,Food & Drink,Sale,-37.74,
05/28/2023,05/29/2023,PAYPAL *MANGOLINEIN,Shopping,Sale,-233.16,
05/28/2023,05/29/2023,SQ *THE ITALIAN PLACE,Groceries,Sale,-2.70,
05/28/2023,05/29/2023,SQ *THE ITALIAN PLACE,Groceries,Sale,-55.01,
05/26/2023,05/28/2023,MISHA'S,Food & Drink,Sale,-5.00,
05/19/2023,05/21/2023,SQ *THE ITALIAN PLACE,Groceries,Sale,-41.05,
05/20/2023,05/21/2023,PAYPAL *ETSY INC,Shopping,Sale,-59.78,
05/19/2023,05/21/2023,VA DMV ALEXANDRIA CSC,Bills & Utilities,Sale,-42.00,
05/18/2023,05/19/2023,CHATGPT SUBSCRIPTION,Shopping,Sale,-21.20,
05/19/2023,05/19/2023,PAYPAL *MANGOLINEIN,Shopping,Sale,-127.18,
05/16/2023,05/16/2023,Payment Thank You - Web,,Payment,1432.71,
05/14/2023,05/16/2023,STARBUCKS T2 WEST SAN,Food & Drink,Sale,-9.92,
05/14/2023,05/16/2023,DTW-CNBC,Shopping,Sale,-3.49,
05/15/2023,05/16/2023,SQ *BULLFROG BAGELS,Food & Drink,Sale,-15.18,
05/14/2023,05/15/2023,APPLE.COM/BILL,Shopping,Sale,-1.05,
05/12/2023,05/14/2023,TST* Himitsu La Jolla,Food & Drink,Sale,-356.43,
05/13/2023,05/14/2023,BICYCLE DISCOVERY INC,Shopping,Sale,-17.60,
05/13/2023,05/14/2023,PAYPAL *GITHUB INC,Shopping,Sale,-10.00,
05/09/2023,05/11/2023,USAA INSURANCE PAYMENT,Bills & Utilities,Sale,-375.24,
05/09/2023,05/10/2023,CL *Chase Travel,Travel,Sale,-118.47,
05/05/2023,05/07/2023,HANOVER SERVICE INC,Gas,Sale,-24.56,
05/03/2023,05/03/2023,Amazon web services,Personal,Sale,-0.24,
05/03/2023,05/03/2023,E ZPASS DE 00200725,Travel,Sale,-91.50,
05/01/2023,05/02/2023,Audible*HM0FY6PT2,Bills & Utilities,Sale,-15.85,
05/01/2023,05/02/2023,GOOGLE *YouTubePremium,Entertainment,Sale,-12.71,
05/01/2023,05/02/2023,UNITED      0162483520060,Travel,Sale,-386.80,
05/02/2023,05/02/2023,PAYPAL *SPOTIFYUSAI,Bills & Utilities,Sale,-9.99,
04/26/2023,04/27/2023,10006D CAVA CHINATOWN,Food & Drink,Sale,-12.27,
04/25/2023,04/25/2023,Payment Thank You - Web,,Payment,555.60,
04/24/2023,04/24/2023,Payment Thank You - Web,,Payment,201.85,
04/23/2023,04/24/2023,AMERICAN AIR0012388452669,Travel,Sale,-277.80,
04/23/2023,04/24/2023,AMERICAN AIR0012388452668,Travel,Sale,-277.80,
04/20/2023,04/23/2023,TST* Ambar - Capitol Hill,Food & Drink,Sale,-113.20,
04/20/2023,04/20/2023,CHIPOTLE ONLINE,Food & Drink,Sale,-31.19,
04/18/2023,04/19/2023,CHATGPT SUBSCRIPTION,Shopping,Sale,-21.20,
04/14/2023,04/17/2023,GRAND LIQUORS,Food & Drink,Sale,-15.27,
04/14/2023,04/16/2023,APPLE.COM/BILL,Shopping,Sale,-1.05,
04/15/2023,04/16/2023,SQ *BULLFROG BAGELS,Food & Drink,Sale,-10.61,
04/15/2023,04/16/2023,PAYPAL *GITHUB INC,Shopping,Sale,-9.33,
04/06/2023,04/06/2023,Payment Thank You - Web,,Payment,73.93,
04/05/2023,04/05/2023,CHIPOTLE ONLINE,Food & Drink,Sale,-13.53,
04/02/2023,04/03/2023,Amazon web services,Personal,Sale,-0.24,
04/02/2023,04/03/2023,PAYPAL *SPOTIFYUSAI,Bills & Utilities,Sale,-9.99,
04/01/2023,04/02/2023,Audible*HY0VG1XB2,Bills & Utilities,Sale,-15.85,
04/01/2023,04/02/2023,GOOGLE *YouTubePremium,Entertainment,Sale,-12.71,
03/31/2023,04/02/2023,BRIO-FAIR OAKS,Food & Drink,Sale,-21.61,
03/31/2023,03/31/2023,Payment Thank You - Web,,Payment,289.63,
03/28/2023,03/29/2023,TST* Boxcar Tavern,Food & Drink,Sale,-5.12,
03/27/2023,03/28/2023,TST* Boxcar Tavern,Food & Drink,Sale,-23.04,
03/22/2023,03/22/2023,Payment Thank You - Web,,Payment,200.00,
03/22/2023,03/22/2023,10006D CAVA CHINATOWN,Food & Drink,Sale,-12.27,
03/19/2023,03/19/2023,Payment Thank You - Web,,Payment,700.00,
03/16/2023,03/17/2023,Payment Thank You - Web,,Payment,959.50,
03/16/2023,03/16/2023,PAYPAL *OIL,Shopping,Sale,-389.50,
03/14/2023,03/15/2023,APPLE.COM/BILL,Shopping,Sale,-1.05,
03/07/2023,03/07/2023,GUM.CO/CC* BRONZEAGEPE,Shopping,Sale,-5.00,
03/04/2023,03/06/2023,SILVER DOLLAR BAR &amp; GRILL,Food & Drink,Sale,-178.00,
03/02/2023,03/05/2023,SILVER DOLLAR BAR &amp; GRILL,Food & Drink,Sale,-31.00,
03/03/2023,03/05/2023,JHMR LIFT TICKETS,Entertainment,Sale,-129.00,
03/03/2023,03/05/2023,SQ *YEAH BUDDY PIZZA,Food & Drink,Sale,-145.01,
03/03/2023,03/05/2023,JHMR RENDEZVOUS LODGE,Food & Drink,Sale,-25.44,
03/02/2023,03/05/2023,JHMR CAFE,Food & Drink,Sale,-46.40,
03/04/2023,03/05/2023,JHMR ONLINE STORE,Entertainment,Sale,-161.00,
03/03/2023,03/05/2023,IN *LEFT BANK INVESTMENTS,Food & Drink,Sale,-37.80,
03/02/2023,03/03/2023,LS MUDROOM  NOMAD SPOR,Shopping,Sale,-86.40,
03/01/2023,03/03/2023,ATL CHICK-FIL-A,Food & Drink,Sale,-6.89,
03/02/2023,03/03/2023,Amazon web services,Personal,Sale,-0.24,
03/01/2023,03/03/2023,DELTA AIR   Baggage Fee,Travel,Sale,-40.00,
03/01/2023,03/03/2023,ATL GOLDBERGS,Food & Drink,Sale,-4.59,
03/02/2023,03/03/2023,JHMR ONLINE STORE,Entertainment,Sale,-161.00,
03/01/2023,03/03/2023,ATL GOLDBERGS,Food & Drink,Sale,-10.86,
03/02/2023,03/03/2023,SQUATTERS PUB AIRPORT,Food & Drink,Sale,-24.71,
03/01/2023,03/02/2023,Audible*HD2ZV0881,Bills & Utilities,Sale,-15.85,
03/01/2023,03/02/2023,PAYPAL *SPOTIFYUSAI,Bills & Utilities,Sale,-9.99,
03/02/2023,03/02/2023,SQ *JACKSON HOLE TRANSPOR,Travel,Sale,-37.10,
03/01/2023,03/02/2023,GOOGLE *YouTubePremium,Entertainment,Sale,-12.71,
02/26/2023,02/27/2023,USAA INSURANCE PAYMENT,Bills & Utilities,Sale,-172.61,
02/25/2023,02/26/2023,BP#2026771DISTAD'S BP,Gas,Sale,-52.00,
02/23/2023,02/24/2023,CAPITOL HILL ANI CLINIC,Personal,Sale,-60.50,
02/20/2023,02/22/2023,METRO 060-EASTERN MARKET,Travel,Sale,-23.00,
02/21/2023,02/22/2023,PTC EZPASS CSC WEB IVR,Travel,Sale,-50.00,
02/21/2023,02/21/2023,PAYPAL *GIUST GAL,Shopping,Sale,-190.00,
02/14/2023,02/15/2023,APPLE.COM/BILL,Shopping,Sale,-1.05,
02/15/2023,02/15/2023,Payment Thank You - Web,,Payment,1820.50,
02/12/2023,02/14/2023,DOUBLETREE PHILADELPHIA,Travel,Sale,-181.95,
02/11/2023,02/13/2023,EXXONMOBIL    99797177,Gas,Sale,-46.63,
02/12/2023,02/13/2023,WAWA 8053,Gas,Sale,-5.40,
02/11/2023,02/12/2023,WAWA 8053,Gas,Sale,-17.48,
02/11/2023,02/12/2023,WAWA 8053,Gas,Sale,-4.64,
02/10/2023,02/12/2023,RESCNTR*DOUBLETREE BY,Travel,Sale,-184.65,
02/07/2023,02/07/2023,Payment Thank You - Web,,Payment,225.43,
02/05/2023,02/07/2023,TRAVEL CREDIT $300/YEAR,Fees & Adjustments,Adjustment,254.01,
02/05/2023,02/07/2023,GREENBRIER,Travel,Sale,-1487.01,
02/07/2023,02/07/2023,GUM.CO/CC* BRONZEAGEPE,Shopping,Sale,-5.00,
02/06/2023,02/07/2023,TRAVEL CREDIT $300/YEAR,Fees & Adjustments,Adjustment,15.99,
02/06/2023,02/07/2023,HOTELBOOKINGSERVFEE,Travel,Sale,-15.99,
02/05/2023,02/06/2023,GREENBRIER - KATES MTN,Shopping,Sale,-44.59,
02/05/2023,02/06/2023,CIRCLE K # 23713,Gas,Sale,-23.34,
02/02/2023,02/05/2023,TRAVEL CREDIT $300/YEAR,Fees & Adjustments,Adjustment,30.00,
02/02/2023,02/05/2023,METRO 060-EASTERN MARKET,Travel,Sale,-30.00,
02/03/2023,02/05/2023,7 11 MAUZY,Gas,Sale,-43.58,
02/03/2023,02/05/2023,Amazon web services,Personal,Sale,-0.24,
02/03/2023,02/03/2023,10006D CAVA CHINATOWN,Food & Drink,Sale,-12.27,
02/01/2023,02/02/2023,Audible*ZU65888U3,Bills & Utilities,Sale,-15.85,
02/01/2023,02/02/2023,PAYPAL *SPOTIFYUSAI,Bills & Utilities,Sale,-9.99,
02/01/2023,02/02/2023,GOOGLE *YouTubePremium,Entertainment,Sale,-12.71,
02/01/2023,02/02/2023,PAYPAL *APPLE INC,Shopping,Sale,-179.14,
01/31/2023,01/31/2023,Payment Thank You - Web,,Payment,933.33,
01/31/2023,01/31/2023,10006D CAVA CHINATOWN,Food & Drink,Sale,-12.27,
01/30/2023,01/31/2023,WEST WING CAFE,Food & Drink,Sale,-13.20,
01/29/2023,01/30/2023,HYPE CAFE,Food & Drink,Sale,-4.24,
01/28/2023,01/30/2023,10006 CAVA CHINATOWN,Food & Drink,Sale,-12.27,
01/28/2023,01/29/2023,H&amp;M0054,Shopping,Sale,-48.73,
01/28/2023,01/29/2023,SQ *LA COLOMBE - CHINATOW,Food & Drink,Sale,-5.23,
01/28/2023,01/29/2023,TST* DC RESTAURANT GROUP,Food & Drink,Sale,-13.10,
01/28/2023,01/29/2023,QUATTRO RESTAURANTS L.,Food & Drink,Sale,-218.10,
01/26/2023,01/27/2023,USAA INSURANCE PAYMENT,Bills & Utilities,Sale,-172.61,
01/26/2023,01/27/2023,PARKMOBILE,Travel,Sale,-2.75,
01/25/2023,01/25/2023,CHIPOTLE ONLINE,Food & Drink,Sale,-13.31,
01/23/2023,01/24/2023,EQUINOX MOTO #252,Health & Wellness,Sale,-235.00,
01/19/2023,01/20/2023,HOTELBOOKINGSERVFEE,Travel,Sale,-15.99,
01/19/2023,01/20/2023,CCI*HOTEL RESERVATION,Travel,Sale,-169.95,
01/16/2023,01/18/2023,COLPARK LOC 177,Travel,Sale,-21.00,
01/14/2023,01/15/2023,APPLE.COM/BILL,Entertainment,Sale,-1.05,
01/13/2023,01/13/2023,Payment Thank You - Web,,Payment,116.49,
01/07/2023,01/08/2023,GUM.CO/CC* BRONZEAGEPE,Shopping,Sale,-5.00,
01/06/2023,01/06/2023,10006D CAVA CHINATOWN,Food & Drink,Sale,-12.07,
01/03/2023,01/05/2023,METRO 060-EASTERN MARKET,Travel,Sale,-34.00,
01/04/2023,01/04/2023,10006D CAVA CHINATOWN,Food & Drink,Sale,-12.07,
01/03/2023,01/04/2023,WEST WING CAFE,Food & Drink,Sale,-6.60,
01/02/2023,01/03/2023,Amazon web services,Personal,Sale,-0.24,
01/01/2023,01/02/2023,Audible*3D7ZS2WN3,Bills & Utilities,Sale,-15.85,
01/01/2023,01/02/2023,GOOGLE *YouTubePremium,Entertainment,Sale,-12.71,
01/01/2023,01/02/2023,PAYPAL *SPOTIFYUSAI,Bills & Utilities,Sale,-9.99,
12/31/2022,01/01/2023,10006D CAVA CHINATOWN,Food & Drink,Sale,-3.27,
